name,total_atom_types,Tg,Cp_KJ/Kg-K,Cp_J/mol-K
poly_iso_butyl_acrylate,6,249,1.8108,232.09
poly_n_butyl_acrylate,6,218,1.8201,233.28
poly_ethyl_acrylate,6,249,1.7867,178.88
poly_methyl_acrylate,6,279,1.765,151.99
poly_1_4_butadiene,4,171,1.96,106
Poly_1_butene,2,249,2.086,117.02
Polyethylene,2,252,1.555,21.81
Polyisobutene,2,200,1.962,110.09
Poly_2_methylbutadiene,4,200,1.911,130.2
Poly_4_methyl_1pentene,2,303,1.728,145.4
Poly_1_pentene,2,233,2.058,144.34
Polypropylene,2,260,1.622,68.24
Poly_n-butyl_methacrylate,6,293,1.8524,263.41
Poly_i_butyl_methacrylate,5,326,1.571,223.4
Poly_ethyl_methacrylate,6,338,1.4666,167.42
Poly_hexyl_methacrylate,6,268,1.901,324.83
Polymethacrylic_acid,6,,1.307,112.5
Polymethacrylamide,6,,1.395,118.7
Polymethyl_methacrylate,6,378,1.3755,137.72
Polystyrene,4,373,1.223,127.38
Poly_alpha_methylstyrene,4,441,1.2752,150.7
Poly_p-methylstyrene,4,380,1.2743,150.6
Poly_acrylonitrile,4,378,1.297,68.83
Poly_chlorotrifluoroethylene,4,325,0.85945,100.1
Polytetrafluroethylene,3,240,0.9016,45.09
Polytrifluroethylene,4,304,1.078,88.4
Poly_vinyl_chloride,4,354,0.9496,59.35
Poly_vinyl_fluoride,4,314,1.301,59.91
Poly_p-phenylene,2,,1.117,85.04
Poly_vinyl_acetate,6,304,1.183,101.86
Poly_vinyl_alcohol,5,358,1.546,68.11
Poly_vinyl_benzoate,7,347,1.1025,163.35
Poly_p-xylylene,4,286,1.3022,135.622
Nylon612,8,319,1.5926,494.48
Nylon66,8,323,1.4638,331.3
Nylon69,8,331,1.5204,408.08
Nylon610,8,323,1.5644,441.82
Nylon6,8,313,1.5023,170
Nylon12,8,314,1.6952,334.49
Nylon11,8,316,1.7507,320.91
Poly_L_alanine,8,,1.315,93.47
Poly_L_asparagine,10,,1.218,139
Polyglycine,8,,1.17,66.75
Poly_L_methionine,9,,1.347,176.7
Poly_L_phenylalanine,9,,1.153,169.7
Poly_L_serine,9,,1.297,112.9
Poly_L_valine,8,,1.455,144.2
Poly_butylene_adipate,9,199,1.9706,394.595
Poly_butylene_terephthalate,10,248,1.6134,355.311
Poly_ethylene_terephthalate,9,342,1.172,225.2
Poly_tridecanolactone,6,237,1.79,380
Polycaprolactone,8,209,1.4229,162.42
Polyglycolide,7,318,1.127,65.42
Poly_beta_propiolactone,8,249,1.878,135.354
Poly_ethylene_oxalate,8,306,1.1175,129.705
Poly_ethylene_sebacate,9,245,1.9245,439.34
"Poly_oxy-2,6-dimethyl-1,4-phenylene",6,482,1.2459,149.7
Poly_oxyethylene,5,206,1.257,55.36
Poly_oxymethylene,4,190,1.283,38.52
Poly_oxy_1_4_phenylene,4,358,1.185,109.1
Poly_oxy_propylene,5,198,1.915,111.23
Poly_oxytetramethylene,5,189,1.985,143.15
Poly_oxytrimethylene,5,195,1.373,79.73
Poly_diethyl_siloxane,5,135,1.6184,165.417
Poly_dimethyl_itaconate,6,377,1.3183,208.507
Poly_dimethyl_siloxane,5,146,1.591,118
Poly_4_hydroxybenzoic_acid,6,434,1.0207,122.6
PAS,5,492.6,1.009,141.4
